appointment_date,actual_demand,forecasted_demand
2021-02-03,524,506.33
2021-02-04,479,499.97
2021-02-05,656,465.175
2021-02-06,490,489.28
2021-02-07,110,79.825
2021-02-08,23,83.9
2021-02-09,435,422.78
2021-02-10,443,474.13
2021-02-11,379,487.015
2021-02-12,599,495.275
2021-02-13,629,500.87
2021-02-14,39,250.7
2021-02-15,7,66.48
2021-02-16,543,344.735
2021-02-17,499,518.855
2021-02-18,459,497.175
2021-02-19,753,431.915
2021-02-20,525,521.175
2021-02-21,45,83.89
2021-02-22,18,124.015
2021-02-23,230,381.325
2021-02-24,117,373.68
2021-02-25,239,300.6
2021-02-26,351,455.615
2021-02-27,409,343.37
2021-02-28,36,186.135
2021-03-01,112,81.775
2021-03-02,66,236.215
2021-03-03,211,164.355
2021-03-04,63,271.755
2021-03-05,92,234.72
2021-03-06,93,231.345
2021-03-07,51,117.165
2021-03-08,34,130.66
2021-03-09,549,127.815
2021-03-10,432,461.45
2021-03-11,419,333.015
2021-03-12,340,370.6
2021-03-13,769,367.36
2021-03-14,45,245.99
2021-03-15,102,78.845
2021-03-16,189,287.515
2021-03-17,139,288.225
2021-03-18,237,208.585
2021-03-19,125,201.415
2021-03-20,217,397.81
2021-03-21,5,136.765
2021-03-22,48,149.295
2021-03-23,667,101.745
2021-03-24,186,365.18
2021-03-25,318,291.725
2021-03-26,182,301.37
2021-03-27,405,299.15
2021-03-28,1,71.495
2021-03-29,985,253.975
2021-03-30,733,508.435
2021-03-31,850,378.12
2021-04-01,829,492.275
2021-04-02,1512,306.705
2021-04-03,1,311.325
2021-04-04,4,182.11
2021-04-05,2,630.2
2021-04-06,1,548.415
2021-04-07,4,620.28
2021-04-08,3,496.155
2021-04-09,1,538.6
2021-04-10,3,50.86
2021-04-11,3,33.65
2021-04-12,4,28.59
2021-04-13,3,54.03
2021-04-14,1,35.705
2021-04-15,1,28.285
2021-04-16,2,87.72
2021-04-17,3,24.84
2021-04-18,2,25.395
2021-04-19,2,35.345
2021-04-20,1,26.995
2021-04-21,1,86.62
2021-04-22,4,85.565
2021-04-23,1,28.17
2021-04-24,4,27.02
2021-04-25,4,28.235
2021-04-26,4,40.08
2021-04-27,10,82.35
2021-04-28,7,81.8
2021-04-29,1,44.25
2021-04-30,5,102.43
2021-05-01,9,72.93
2021-05-02,9,59.86
2021-05-03,4,58.105
2021-05-04,3,91.595
2021-05-05,2,55.085
2021-05-06,5,63.82
2021-05-07,11,26.395
2021-05-08,1,28.115
2021-05-09,4,31.77
2021-05-10,3,40.92
2021-05-11,11,27.54
2021-05-12,1,29.075
